date,CUR_MKT_CAP
2020-09-01,1441.4969
2020-09-02,1452.9266
2020-09-03,1397.5216
2020-09-04,1377.2775
2020-09-08,1344.6351
2020-09-09,1367.2039
2020-09-10,1353.3527
2020-09-11,1367.0102
2020-09-14,1381.4426
2020-09-15,1508.6221
2020-09-16,1694.1124
2020-09-17,1584.7554
2020-09-18,1545.817
2020-09-21,1473.8487
2020-09-22,1494.0928
2020-09-23,1436.2663
2020-09-24,1414.763
2020-09-25,1415.441
2020-09-28,1467.0684
2020-09-29,1449.9238
2020-09-30,1458.3508
2020-10-01,1442.8529
2020-10-02,1418.6375
2020-10-05,1435.5883
2020-10-06,1453.314
2020-10-07,1482.8568
2020-10-08,1587.9519
2020-10-09,1595.6039
2020-10-12,1612.361
2020-10-13,1608.6803
2020-10-14,1590.8577
2020-10-15,1607.6148
2020-10-16,1595.3134
2020-10-19,1589.8891
2020-10-20,1637.6419
2020-10-21,1753.6823
2020-10-22,1773.0547
2020-10-23,1785.1624
2020-10-26,1695.081
2020-10-27,1627.0979
2020-10-28,1502.6423
2020-10-29,1500.8815
2020-10-30,1548.2359
2020-11-02,1543.6024
2020-11-03,1593.4588
2020-11-04,1598.8336
2020-11-05,1683.6266
2020-11-06,1720.1385
2020-11-09,1714.4393
2020-11-10,1724.9573
2020-11-11,1780.7446
2020-11-12,1732.3709
2020-11-13,1781.764
2020-11-16,1889.8171
2020-11-17,1929.3871
2020-11-18,1973.498
2020-11-19,2011.956
2020-11-20,2058.2909
2020-11-23,2045.7805
2020-11-24,2291.0777
2020-11-25,2504.6355
2020-11-27,2513.7634
2020-11-30,3176.4458
2020-12-01,3002.5044
2020-12-02,2977.6689
2020-12-03,3072.9336
2020-12-04,3039.5724
2020-12-07,3115.747
2020-12-08,2682.33
2020-12-09,2652.3049
2020-12-10,2690.4849
2020-12-11,2649.6175
2020-12-14,2590.4014
2020-12-15,2648.4128
2020-12-16,2771.9417
2020-12-17,2759.7093
2020-12-18,2791.2171
2020-12-21,2943.1957
2020-12-22,3072.0069
2020-12-23,3124.6434
2020-12-24,2989.6233
2020-12-28,3428.7859
2020-12-29,3392.3667
2020-12-30,3613.8477
2020-12-31,3600.6886
2021-01-04,3940.5091
2021-01-05,3972.1095
2021-01-06,4453.2516
2021-01-07,4964.7894
2021-01-08,4926.702
2021-01-11,4591.7004
2021-01-12,4765.4564
2021-01-13,4811.9767
2021-01-14,5847.4701
2021-01-15,5356.9683
2021-01-19,5488.0036
2021-01-20,5104.4429
2021-01-21,4823.0971
2021-01-22,5347.3307
2021-01-25,5295.3429
2021-01-26,5187.7531
2021-01-27,5005.1008
2021-01-28,5544.8811
2021-01-29,5918.151
2021-02-01,6083.5267
2021-02-02,6595.089
2021-02-03,7105.7885
2021-02-04,7339.7113
2021-02-05,7727.122
2021-02-08,9980.067
2021-02-09,12203.6758
2021-02-10,9342.3398
2021-02-11,9682.2948
2021-02-12,9915.93
2021-02-16,9155.606
2021-02-17,9029.0573
2021-02-18,8894.6473
2021-02-19,9239.2048
2021-02-22,8398.2313
2021-02-23,6626.8372
2021-02-24,7839.212
2021-02-25,7013.9612
2021-02-26,7194.1972
2021-03-01,7501.2695
2021-03-02,7175.886
2021-03-03,7013.5777
2021-03-04,6189.9566
2021-03-05,5946.2545
2021-03-08,5984.1233
2021-03-09,6864.2119
2021-03-10,7253.0615
2021-03-11,7705.5689
2021-03-12,7516.2252
2021-03-15,7372.5158
2021-03-16,6943.7842
2021-03-17,7391.4981
2021-03-18,7018.1795
2021-03-19,7449.4996
2021-03-22,6946.3727
2021-03-23,6492.4272
2021-03-24,5959.0053
2021-03-25,5952.6778
2021-03-26,5982.3017
2021-03-29,6052.6705
2021-03-30,6269.7206
2021-03-31,6507.6705
2021-04-01,6745.0452
2021-04-05,6907.9287
2021-04-06,6754.824
2021-04-07,6291.0038
2021-04-08,6616.1956
2021-04-09,6816.3726
2021-04-12,6885.7827
2021-04-13,8134.9716
2021-04-14,7051.2547
2021-04-15,7213.2007
2021-04-16,6759.7382
2021-04-19,6213.0104
2021-04-20,6300.0386
2021-04-21,6339.1184
2021-04-22,5829.8137
2021-04-23,5974.4383
2021-04-26,6420.5916
2021-04-27,6597.669
2021-04-28,6634.9946
2021-04-29,6383.4609
2021-04-30,6404.4139
2021-05-03,6194.4938
2021-05-04,6011.8614
2021-05-05,6075.89
2021-05-06,5935.8458
2021-05-07,6046.7506
2021-05-10,5549.7254
2021-05-11,5622.8173
2021-05-12,5280.9419
2021-05-13,4756.629
2021-05-14,5080.4751
2021-05-17,4769.0059
2021-05-18,4748.0529
2021-05-19,4432.8804
2021-05-20,4606.352
2021-05-21,4390.5846
2021-05-24,4604.3054
2021-05-25,4577.2127
2021-05-26,4705.0748
2021-05-27,4812.8611
2021-05-28,4580.4287
2021-06-01,4656.0545
2021-06-02,4858.1781
2021-06-03,4762.0866
2021-06-04,4723.3966
2021-06-07,4578.577
2021-06-08,4476.9305
2021-06-09,4999.3918
2021-06-10,4957.0959
2021-06-11,5033.014
2021-06-14,5832.64
2021-06-15,6144.9862
2021-06-16,6040.5135
2021-06-17,6147.6175
2021-06-18,6300.1361
2021-06-21,5688.2103
2021-06-22,5396.3298
2021-06-23,5389.3129
2021-06-24,5670.7657
2021-06-25,5360.5634
2021-06-28,6082.9068
2021-06-29,6519.7043
2021-06-30,6475.9465
2021-07-01,6343.0167
2021-07-02,6194.3964
2021-07-06,6181.5322
2021-07-07,6235.8151
2021-07-08,6027.0645
2021-07-09,6126.6645
2021-07-12,5737.1331
2021-07-13,5651.2745
2021-07-14,5461.7227
2021-07-15,5272.7556
2021-07-16,5097.8222
2021-07-19,4860.3221
2021-07-20,4890.1437
2021-07-21,5427.7106
2021-07-22,5417.965
2021-07-23,5259.794
2021-07-26,6651.3672
2021-07-27,6145.6684
2021-07-28,6301.9877
2021-07-29,6091.0931
2021-07-30,6102.0124
2021-08-02,6216.8376
2021-08-03,6092.7523
2021-08-04,6539.8687
2021-08-05,6975.4831
2021-08-06,7298.1242
2021-08-09,7483.4236
2021-08-10,7315.3773
2021-08-11,7286.1349
2021-08-12,7027.827
2021-08-13,7096.1567
2021-08-16,6798.9564
2021-08-17,6469.297
2021-08-18,6385.0789
2021-08-19,6591.8227
2021-08-20,6984.6457
2021-08-23,7003.6532
2021-08-24,7144.6403
2021-08-25,7256.578
2021-08-26,6926.5565
2021-08-27,7061.7605
2021-08-30,7019.7214
2021-08-31,6932.9472
2021-09-01,7014.8285
2021-09-02,6947.0268
2021-09-03,7112.2872
2021-09-07,6470.7175
2021-09-08,6376.9534
2021-09-09,6396.9245
2021-09-10,6146.7872
2021-09-13,6621.5112
2021-09-14,6371.9811
2021-09-15,6521.5756
2021-09-16,6521.5756
2021-09-17,6328.813
2021-09-20,6061.9745
2021-09-21,5986.044
2021-09-22,6177.5702
2021-09-23,6352.3031
2021-09-24,6175.3036
2021-09-27,6127.4993
2021-09-28,5908.6711
2021-09-29,5834.595
2021-09-30,5959.051
2021-10-01,6309.9592
2021-10-04,6256.2824
2021-10-05,6707.1262
2021-10-06,6942.0266
2021-10-07,7137.5708
2021-10-08,7302.7222
2021-10-11,7539.4771
2021-10-12,7321.5761
2021-10-13,7482.8125
2021-10-14,7458.6013
2021-10-15,7725.4399
2021-10-18,7620.2498
2021-10-19,7492.6
2021-10-20,7811.2609
2021-10-21,7576.8757
2021-10-22,7402.6579
2021-10-25,7685.9807
2021-10-26,7571.0032
2021-10-27,7366.5987
2021-10-28,7388.3372
2021-10-29,7367.0108
2021-11-01,7583.9845
2021-11-02,8181.7441
2021-11-03,8347.7197
2021-11-04,8242.1176
2021-11-05,8216.464
2021-11-08,8860.2764
2021-11-09,8850.0768
2021-11-10,8410.4629
2021-11-11,8431.2742
2021-11-12,8362.9676
2021-11-15,8190.6044
2021-11-16,7747.7966
2021-11-17,7757.8932
2021-11-18,7493.7333
2021-11-19,7400.4944
2021-11-22,7109.0325
2021-11-23,7178.5754
2021-11-24,7221.1253
2021-11-26,6830.655
2021-11-29,7600.6297
2021-11-30,7884.2271
2021-12-01,7709.8065
2021-12-02,7468.1749
2021-12-03,6895.8436
2021-12-06,6518.588
2021-12-07,6865.0249
2021-12-08,6956.4974
2021-12-09,6468.4257
2021-12-10,6566.346
2021-12-13,6247.2306
2021-12-14,6342.7467
2021-12-15,6541.7567
2021-12-16,6195.8662
2021-12-17,6246.5749
2021-12-20,5971.2832
2021-12-21,6201.9862
2021-12-22,6229.1984
2021-12-23,6526.6752
2021-12-27,6647.6549
2021-12-28,6207.1226
2021-12-29,6077.2907
2021-12-30,6145.5945
2021-12-31,5950.5189
2022-01-03,6194.659
2022-01-04,6114.8761
2022-01-05,5649.1615
2022-01-06,5532.8715
2022-01-07,5358.9914
2022-01-10,5347.895
2022-01-11,5620.9767
2022-01-12,5710.6353
2022-01-13,5432.6713
2022-01-14,5543.3021
2022-01-18,5196.2077
2022-01-19,5108.9902
2022-01-20,5076.9217
2022-01-21,4171.0141
2022-01-24,4110.6499
2022-01-25,4050.7295
2022-01-26,3924.2309
2022-01-27,3544.7351
2022-01-28,3761.1143
2022-01-31,4083.5748
2022-02-01,4138.9456
2022-02-02,3937.0082
2022-02-03,3838.2557
2022-02-04,4420.049
2022-02-07,4666.4224
2022-02-08,4801.403
2022-02-09,5040.3276
2022-02-10,4869.6833
2022-02-11,4638.6589
2022-02-14,4621.5041
2022-02-15,4934.6906
2022-02-16,4908.9316
2022-02-17,4566.0805
2022-02-18,4468.6874
2022-02-22,4262.5028
2022-02-23,4119.5165
2022-02-24,4479.8599
2022-02-25,4570.5947
2022-02-28,4999.4406
2022-03-01,5244.6728
2022-03-02,5183.2801
2022-03-03,4838.0591
2022-03-04,4631.0845
2022-03-07,4389.0123
2022-03-08,4631.0845
2022-03-09,4928.9067
2022-03-10,4752.6285
2022-03-11,4410.5675
2022-03-14,4174.8151
2022-03-15,4470.6059
2022-03-16,4838.962
2022-03-17,4898.8875
2022-03-18,5126.7401
2022-03-21,4925.8597
2022-03-22,5190.7285
2022-03-23,5086.2255
2022-03-24,5461.24
2022-03-25,5331.4576
2022-03-28,5755.5637
2022-03-29,5868.4179
2022-03-30,5650.4964
2022-03-31,5488.325
2022-04-01,5540.915
2022-04-04,5656.9291
2022-04-05,5499.159
2022-04-06,5136.107
2022-04-07,5232.0331
2022-04-08,5115.0033
2022-04-11,4924.844
2022-04-12,5004.5191
2022-04-13,5231.6945
2022-04-14,5069.2974
2022-04-18,5037.4637
2022-04-19,5322.7268
2022-04-20,5072.938
2022-04-21,4833.7689
2022-04-22,4621.6009
2022-04-25,4835.3505
2022-04-26,4417.4542
2022-04-27,4358.3681
2022-04-28,4524.555
2022-04-29,4001.2526
2022-05-02,4133.8858
2022-05-03,3879.578
2022-05-04,4139.8735
2022-05-05,3553.3048
2022-05-06,3324.1905
2022-05-09,2474.7279
2022-05-10,2547.823
2022-05-11,1900.2476
2022-05-12,1933.9143
2022-05-13,2311.1394
2022-05-16,2276.5689
2022-05-17,2540.4796
2022-05-18,2230.5879
2022-05-19,2381.1842
2022-05-20,2290.5779
2022-05-23,2308.8799
2022-05-24,2180.5397
2022-05-25,2238.2702
2022-05-26,2441.4001
2022-05-27,2478.5691
2022-05-31,2990.348
2022-06-01,2690.3981
2022-06-02,2761.7986
2022-06-03,2567.0289
2022-06-06,2659.8947
2022-06-07,2711.4115
2022-06-08,2631.086
2022-06-09,2460.1541
2022-06-10,2297.4694
2022-06-13,1718.9219
2022-06-14,1772.2464
2022-06-15,1935.7219
2022-06-16,1822.7464
2022-06-17,1893.469
2022-06-21,2021.8092
2022-06-22,1930.8639
2022-06-23,2127.4413
2022-06-24,2320.9683
2022-06-27,2222.5666
2022-06-28,2102.6996
2022-06-29,2030.0564
2022-06-30,1856.1871
2022-07-01,1884.0921
2022-07-05,2120.3238
2022-07-06,2127.3283
2022-07-07,2479.9248
2022-07-08,2499.9214
2022-07-11,2269.6774
2022-07-12,2175.0039
2022-07-13,2209.2355
2022-07-14,2311.3653
2022-07-15,2417.4493
2022-07-18,2549.0658
2022-07-19,3018.3659
2022-07-20,3262.3929
2022-07-21,3273.0126
2022-07-22,3185.0047
2022-07-25,3003.5661
2022-07-26,2684.7493
2022-07-27,2964.4766
2022-07-28,3114.9599
2022-07-29,3231.7766
2022-08-01,3115.1859
2022-08-02,3144.5901
2022-08-03,3544.8682
2022-08-04,3495.4832
2022-08-05,3606.6841
2022-08-08,3729.412
2022-08-09,3609.2834
2022-08-10,3794.8442
2022-08-11,3808.2923
2022-08-12,3987.4117
2022-08-15,3944.9203
2022-08-16,3872.1424
2022-08-17,3675.0546
2022-08-18,3665.7879
2022-08-19,3198.1564
2022-08-22,3029.6599
2022-08-23,3003.7808
2022-08-24,3101.0816
2022-08-25,3083.0002
2022-08-26,2816.1858
2022-08-29,2768.2699
2022-08-30,2714.8166
2022-08-31,2616.8378
2022-09-01,2496.5962
2022-09-02,2464.2756
2022-09-06,2308.2101
2022-09-07,2470.4911
2022-09-08,2650.0625
2022-09-09,2960.4983
2022-09-12,2973.2832
2022-09-13,2614.54
2022-09-14,2555.0698
2022-09-15,2452.7495
2022-09-16,2332.9046
2022-09-19,2331.3217
2022-09-20,2222.783
2022-09-21,2215.0948
2022-09-22,2174.3928
2022-09-23,2164.5565
2022-09-26,2263.2589
2022-09-27,2329.8519
2022-09-28,2492.6601
2022-09-29,2394.8621
2022-09-30,2399.8368
2022-10-03,2538.4498
2022-10-04,2812.284
2022-10-05,2738.229
2022-10-06,2732.3498
2022-10-07,2490.738
2022-10-10,2494.6952
2022-10-11,2446.305
2022-10-12,2469.0303
2022-10-13,2493.4515
2022-10-14,2366.4838
2022-10-17,2500.1221
2022-10-18,2656.938
2022-10-19,2556.0874
2022-10-20,2498.7654
2022-10-21,2630.0294
2022-10-24,2686.3339
2022-10-25,3037.8411
2022-10-26,3083.4048
2022-10-27,3058.9836
2022-10-28,3165.6003
2022-10-31,3024.4999
2022-11-01,2910.9173
2022-11-02,2809.3974
2022-11-03,2811.7741
2022-11-04,3136.1399
2022-11-07,3017.7566
2022-11-08,2397.5456
2022-11-09,1928.0866
2022-11-10,1980.6008
2022-11-11,1982.638
2022-11-14,1877.6096
2022-11-15,1941.3283
2022-11-16,1917.6743
2022-11-17,1967.925
2022-11-18,1925.3704
2022-11-21,1779.3718
2022-11-22,1890.9645
2022-11-23,1996.3325
2022-11-25,2071.1426
2022-11-28,1999.5014
2022-11-29,2059.8249
2022-11-30,2241.927
2022-12-01,2251.9997
2022-12-02,2342.0888
2022-12-05,2214.5381
2022-12-06,2212.8404
2022-12-07,2189.8654
2022-12-08,2292.6303
2022-12-09,2300.3264
2022-12-12,2220.0838
2022-12-13,2284.0289
2022-12-14,2294.4412
2022-12-15,2127.7312
2022-12-16,1966.4537
2022-12-19,1926.389
2022-12-20,1910.9969
2022-12-21,1910.6573
2022-12-22,1881.3444
2022-12-23,1841.0533
2022-12-27,1672.0798
2022-12-28,1562.8638
2022-12-29,1546.3399
2022-12-30,1602.2495
2023-01-03,1641.2956
2023-01-04,1868.1027
2023-01-05,1771.9021
2023-01-06,1815.928
2023-01-09,1980.714
2023-01-10,2150.3666
2023-01-11,2204.239
2023-01-12,2378.645
2023-01-13,2455.6055
2023-01-17,2670.0763
2023-01-18,2503.3663
2023-01-19,2506.3089
2023-01-20,2716.5921
2023-01-23,2831.8631
2023-01-24,2801.1355
2023-01-25,2782.348
2023-01-26,2776.4628
2023-01-27,2924.0459
2023-01-30,2780.6504
2023-01-31,2849.0094
2023-02-01,3032.2433
2023-02-02,3306.2453
2023-02-03,3288.6932
2023-02-06,3257.3955
2023-02-07,3278.4146
2023-02-08,3187.062
2023-02-09,2876.163
2023-02-10,2810.6801
2023-02-13,2878.5883
2023-02-14,3131.3959
2023-02-15,3446.2216
2023-02-16,3280.1935
2023-02-17,3395.912
2023-02-21,3117.2405
2023-02-22,3101.7652
2023-02-23,3069.0822
2023-02-24,2954.172
2023-02-27,2987.086
2023-02-28,3028.8925
2023-03-01,2978.5399
2023-03-02,2920.5652
2023-03-03,2851.5036
2023-03-06,2742.2523
2023-03-07,2672.8443
2023-03-08,2687.6267
2023-03-09,2434.709
2023-03-10,2217.4768
2023-03-13,2577.2206
2023-03-14,2650.0933
2023-03-15,2627.9197
2023-03-16,2784.1743
2023-03-17,3091.1403
2023-03-20,3048.4099
2023-03-21,3157.1992
2023-03-22,2850.9262
2023-03-23,3041.1342
2023-03-24,2964.2195
2023-03-27,3082.0134
2023-03-28,3201.9612
2023-03-29,3663.3087
2023-03-30,3601.4002
2023-03-31,3770.2299
2023-04-03,3835.6208
2023-04-04,3856.128
2023-04-05,3751.1415
2023-04-06,3741.5972
2023-04-10,4034.1151
2023-04-11,4286.5213
2023-04-12,4163.7361
2023-04-13,4408.4572
2023-04-14,4318.2748
2023-04-17,4050.1859
2023-04-18,4267.814
2023-04-19,4072.0522
2023-04-20,3813.1498
2023-04-21,3765.4062
2023-04-24,3691.7853
2023-04-25,3763.983
2023-04-26,3874.6084
2023-04-27,4122.7718
2023-04-28,4248.7942
2023-05-01,3984.3964
2023-05-02,4250.5671
2023-05-03,3942.6696
2023-05-04,4046.1444
2023-05-05,4233.8505
2023-05-08,3818.5257
2023-05-09,3932.0435
2023-05-10,4083.4005
2023-05-11,3723.9275
2023-05-12,3511.7944
2023-05-15,3660.8189
2023-05-16,3543.4135
2023-05-17,3765.3952
2023-05-18,3726.6489
2023-05-19,3735.7199
2023-05-22,3811.3984
2023-05-23,3749.3265
2023-05-24,3685.8291
2023-05-25,3641.2513
2023-05-26,3694.5114
2023-05-30,3878.1355
2023-05-31,3908.7179
2023-06-01,3886.8178
2023-06-02,3915.1972
2023-06-05,3581.2528
2023-06-06,3872.3041
2023-06-07,3768.5053
2023-06-08,3770.0603
2023-06-09,3658.6159
2023-06-12,3598.6174
2023-06-13,3677.9243
2023-06-14,3665.7432
2023-06-15,3601.4683
2023-06-16,3801.9386
2023-06-20,4061.2412
2023-06-21,4293.3307
2023-06-22,4240.4594
2023-06-23,4264.8216
2023-06-26,3961.978
2023-06-27,4210.0065
2023-06-28,4219.4664
2023-06-29,4409.2458
2023-06-30,4437.3013
2023-07-03,4896.2967
2023-07-05,4899.7955
2023-07-06,4879.58
2023-07-07,4933.8768
2023-07-10,5283.3716
2023-07-11,5342.8518
2023-07-12,5358.2726
2023-07-13,5984.6938
2023-07-14,5946.2066
2023-07-17,5829.8379
2023-07-18,5776.9018
2023-07-19,5871.5648
2023-07-20,5712.5621
2023-07-21,5658.395
2023-07-24,5584.3363
2023-07-25,5660.5979
2023-07-26,5746.6434
2023-07-27,5522.3291
2023-07-28,5631.9593
2023-07-31,5674.3341
2023-08-01,6126.8647
2023-08-02,5737.4035
2023-08-03,5492.036
2023-08-04,5309.771
2023-08-07,5223.1458
2023-08-08,5485.9793
2023-08-09,5322.0253
2023-08-10,5324.4198
2023-08-11,5413.1578
2023-08-14,5476.8237
2023-08-15,5298.221
2023-08-16,5206.9476
2023-08-17,4884.6738
2023-08-18,4628.7422
2023-08-21,4722.1283
2023-08-22,4641.2782
2023-08-23,4879.1805
2023-08-24,4740.5802
2023-08-25,4733.3967
2023-08-28,4850.5871
2023-08-29,5373.8595
2023-08-30,5235.2592
2023-08-31,5035.9509
2023-09-01,4950.7343
2023-09-05,4919.3239
2023-09-06,4939.7477
2023-09-07,4973.1301
2023-09-08,5018.3442
2023-09-11,4826.7828
2023-09-12,4898.3366
2023-09-13,4814.9511
2023-09-14,4879.1805
2023-09-15,4800.0206
2023-09-18,4797.7669
2023-09-19,4778.6108
2023-09-20,4697.0563
2023-09-21,4592.6836
2023-09-22,4546.906
2023-09-25,4614.3751
2023-09-26,4469.2955
2023-09-27,4445.7729
2023-09-28,4632.9678
2023-09-29,4623.9531
2023-10-02,4640.9965
2023-10-03,4385.2057
2023-10-04,4512.9602
2023-10-05,4555.4981
2023-10-06,4797.9078
2023-10-09,4795.3724
2023-10-10,4795.5132
2023-10-11,4713.1137
2023-10-12,4558.0335
2023-10-13,4482.2541
2023-10-16,4589.0214
2023-10-17,4724.382
2023-10-18,4636.0666
2023-10-19,4822.1346
2023-10-20,4902.2805
2023-10-23,5317.0954
2023-10-24,5984.4613
2023-10-25,6102.0744
2023-10-26,5823.6061
2023-10-27,5729.3749
2023-10-30,5918.9643
2023-10-31,5963.615
2023-11-01,6194.4736
2023-11-02,6585.8838
2023-11-03,6590.5296
2023-11-06,6672.9929
2023-11-07,6875.086
2023-11-08,6888.8783
2023-11-09,7172.9992
2023-11-10,7392.3689
2023-11-13,7329.9407
2023-11-14,6968.7283
2023-11-15,7345.4752
2023-11-16,7100.5534
2023-11-17,7059.0314
2023-11-20,7382.9321
2023-11-21,7158.0454
2023-11-22,7373.4953
2023-11-24,7552.94
2023-11-27,7192.018
2023-11-28,7344.3137
2023-11-29,7362.1711
2023-11-30,7791.8658
2023-12-01,8251.2778
2023-12-04,8807.0131
2023-12-05,9030.308
2023-12-06,8895.5961
2023-12-07,8930.0755
2023-12-08,9372.5997
2023-12-11,8690.9874
2023-12-12,8730.3923
2023-12-13,9163.2216
2023-12-14,9106.4597
2023-12-15,8919.4424
2023-12-18,8942.7414
2023-12-19,8933.3593
2023-12-20,8967.2913
2023-12-21,9099.8922
2023-12-22,9682.9921
2023-12-26,9442.9657
2023-12-27,11210.1208
2023-12-28,11162.8208
2023-12-29,10556.7779
2024-01-02,11451.4683
2024-01-03,10547.4182
2024-01-04,10961.085
2024-01-05,10547.7525
2024-01-08,9995.0267
2024-01-09,9648.7165
2024-01-10,9454.502
2024-01-11,8961.6117
2024-01-12,8115.0571
2024-01-16,8058.3973
2024-01-17,8340.1922
2024-01-18,8132.9409
2024-01-19,8039.3436
2024-01-22,7858.6673
2024-01-23,7524.391
2024-01-24,7537.7621
2024-01-25,7651.2489
2024-01-26,8264.98
2024-01-29,8587.7237
2024-01-30,8682.9925
2024-01-31,8377.1297
2024-02-01,8415.0701
2024-02-02,8358.5774
2024-02-05,8199.7962
2024-02-06,8400.264
2024-02-07,8569.1127
2024-02-08,9915.1791
2024-02-09,10902.1258
2024-02-12,12103.1274
2024-02-13,11571.7854
2024-02-14,12986.3358
2024-02-15,12183.1137
2024-02-16,11870.2215
2024-02-20,11962.1888
2024-02-21,11416.1545
2024-02-22,12100.8183
2024-02-23,11664.5679
2024-02-26,13514.7722
2024-02-27,14792.8114
2024-02-28,16339.456
2024-02-29,17355.677
2024-03-01,18315.2244
2024-03-04,22635.6484
2024-03-05,17833.6691
2024-03-06,21145.8471
2024-03-07,22058.9019
2024-03-08,24189.5893
2024-03-11,25184.6002
2024-03-12,27036.162
2024-03-13,29968.254
2024-03-14,28453.0004
2024-03-15,30243.3073
2024-03-18,25499.0195
2024-03-19,24052.3172
2024-03-20,26241.5447
2024-03-21,27136.9526
2024-03-22,25842.4544
2024-03-25,31492.84
2024-03-26,31849.0009
2024-03-27,32564.5468
2024-03-28,28923.1871
2024-04-01,27772.4089
2024-04-02,26789.7848
2024-04-03,27252.6752
2024-04-04,27410.6485
2024-04-05,24417.1319
2024-04-08,25672.6034
2024-04-09,24451.4075
2024-04-10,26572.0837
2024-04-11,26331.3061
2024-04-12,25105.6984
2024-04-15,23561.1667
2024-04-16,22117.5629
2024-04-17,20953.8612
2024-04-18,21308.5451
2024-04-19,20707.9988
2024-04-22,23351.8133
2024-04-23,23609.8453
2024-04-24,22322.8597
2024-04-25,21877.3444
2024-04-26,22617.5771
2024-04-29,22804.355
2024-04-30,18784.1343
2024-05-01,18238.8682
2024-05-02,20033.0093
2024-05-03,21693.0555
2024-05-06,22505.4298
2024-05-07,22303.9326
2024-05-08,21872.3809
2024-05-09,22413.7273
2024-05-10,20938.6825
2024-05-13,22100.1295
2024-05-14,23016.6226
2024-05-15,26667.6954
2024-05-16,25541.5459
2024-05-17,28104.9594
2024-05-20,30636.8003
2024-05-21,29362.898
2024-05-22,29213.5489
2024-05-23,27387.8351
2024-05-24,29884.7332
2024-05-28,29716.405
2024-05-29,28711.5796
2024-05-30,27333.3812
2024-05-31,27040.5362
2024-06-03,28866.0726
2024-06-04,29067.5698
2024-06-05,30059.4469
2024-06-06,29384.3603
2024-06-07,28312.4874
2024-06-10,28378.4706
2024-06-11,27590.3965
2024-06-12,28444.986
2024-06-13,26320.2191
2024-06-14,26527.0376
2024-06-17,26734.9202
2024-06-18,26063.9132
2024-06-20,25992.4314
2024-06-21,26318.0906
2024-06-24,24338.4159
2024-06-25,26530.585
2024-06-26,25856.3853
2024-06-27,27056.6772
2024-06-28,24432.9565
2024-07-01,24228.7986
2024-07-02,23416.779
2024-07-03,23095.7315
2024-07-05,22734.4201
2024-07-08,22891.5737
2024-07-09,23090.0556
2024-07-10,23160.1184
2024-07-11,24097.3643
2024-07-12,24774.9341
2024-07-15,28579.9678
2024-07-16,29520.4064
2024-07-17,28202.5153
2024-07-18,27584.5432
2024-07-19,31546.021
2024-07-22,31928.9722
2024-07-23,30539.7766
2024-07-24,29669.2235
2024-07-25,28494.6508
2024-07-26,31088.5727
2024-07-29,29884.9106
2024-07-30,28452.0809
2024-07-31,28636.0181
2024-08-01,26815.6256
2024-08-02,25683.6227
2024-08-05,23218.2972
2024-08-06,26606.5846
2024-08-07,24228.8765
2024-08-08,26425.672
2024-08-09,26305.1932
2024-08-12,25545.3992
2024-08-13,26307.1364
2024-08-14,25333.5897
2024-08-15,25636.73
2024-08-16,25852.4259
2024-08-19,26301.3067
2024-08-20,25978.7344
2024-08-21,27480.8334
2024-08-22,26002.0529
2024-08-23,29150.0482
2024-08-26,28545.7108
2024-08-27,27206.8412
2024-08-28,25667.8213
2024-08-29,25759.152
2024-08-30,25731.9471
2024-09-03,23769.308
2024-09-04,24260.9394
2024-09-05,23234.9261
2024-09-06,22210.856
2024-09-09,24255.1098
2024-09-10,25191.7355
2024-09-11,25121.7801
2024-09-12,25411.3179
2024-09-13,27490.5494
2024-09-16,27259.5785
2024-09-17,26599.0104
2024-09-18,26882.6899
2024-09-19,29312.2026
2024-09-20,29336.518
2024-09-23,30388.1587
2024-09-24,31180.4351
2024-09-25,30787.3363
2024-09-26,33632.2369
2024-09-27,35707.1502
2024-09-30,34163.123
2024-10-01,32965.59
2024-10-02,33360.7151
2024-10-03,33111.4823
2024-10-04,35765.9124
2024-10-07,37707.091
2024-10-08,38945.1497
2024-10-09,38278.5027
2024-10-10,37149.8634
2024-10-11,43076.7397
2024-10-14,40864.0392
2024-10-15,39372.6953
2024-10-16,39328.117
2024-10-17,39192.3561
2024-10-18,43739.334
2024-10-21,44385.7182
2024-10-22,44517.4265
2024-10-23,43352.3141
2024-10-24,47797.9779
2024-10-25,47483.9041
2024-10-28,51739.0974
2024-10-29,52326.7193
2024-10-30,50111.9925
2024-10-31,49546.5142
2024-11-01,46549.4061
2024-11-04,45187.6368
2024-11-05,46162.3556
2024-11-06,52243.7089
2024-11-07,54878.0839
2024-11-08,54799.0527
2024-11-11,68899.0382
2024-11-12,72260.906
2024-11-13,69220.6158
2024-11-14,69070.9519
2024-11-15,71807.0613
2024-11-18,86452.6933
2024-11-19,96731.5745
2024-11-20,106457.7553
2024-11-21,89258.884
2024-11-22,94785.889
2024-11-25,92985.9457
2024-11-26,81517.4101
2024-11-27,89618.6767
2024-11-29,89302.9232
2024-12-02,87650.4031
2024-12-03,86067.0261
2024-12-04,95087.4358
2024-12-05,90497.0079
2024-12-06,92513.5173
2024-12-09,85564.6399
2024-12-10,90423.606
2024-12-11,98590.7758
2024-12-12,93987.1569
2024-12-13,97936.5395
2024-12-16,97895.7995
2024-12-17,94106.0219
2024-12-18,85148.8781
2024-12-19,79503.7832
2024-12-20,88694.7186
2024-12-23,81349.1733
2024-12-24,87703.2384
2024-12-26,83508.8209
2024-12-27,80803.14
2024-12-30,74364.2586
2024-12-31,71089.8356
2025-01-02,73640.1546
2025-01-03,83372.6039
2025-01-06,93172.1708
2025-01-07,83914.9237
2025-01-08,81524.7278
2025-01-10,80593.2273
2025-01-13,80946.9623
2025-01-14,84341.1148
2025-01-15,88888.8354
2025-01-16,90461.4347
2025-01-17,97732.858
2025-01-21,97108.5625
2025-01-22,94166.1056
2025-01-23,93120.3979
2025-01-24,88266.2177
2025-01-27,87720.7673
2025-01-28,84697.739
2025-01-29,86039.066
2025-01-30,85746.5962
2025-01-31,84410.3118
2025-02-03,87511.5001
2025-02-04,87819.0976
2025-02-05,84891.8784
2025-02-06,82057.947
2025-02-07,82587.4182
2025-02-10,84367.4498
2025-02-11,80545.1722
2025-02-12,82400.8426
2025-02-13,81921.7972
2025-02-14,85151.5714
2025-02-18,85947.7997
2025-02-19,82010.3163
2025-02-20,83361.4135
2025-02-21,77125.778
2025-02-24,72768.8111
2025-02-25,65204.2459
2025-02-26,68525.4952
2025-02-27,62481.6543
2025-02-28,66484.853
